Apple iPhone 5c / iPhone 5 / Гарантия. Доставка,https://www.avito.ru/moskva/telefony/apple_iphone_5c_iphone_5_garantiya._dostavka_810914413,9 000 руб.,м. Волгоградский проспект
Apple iPhone 4/4S Все объемы и цвета,https://www.avito.ru/moskva/telefony/apple_iphone_44s_vse_obemy_i_tsveta_805094962,5 990 руб.,м. Волгоградский проспект
Apple iPhone 5s Все объемы и цвета,https://www.avito.ru/moskva/telefony/apple_iphone_5s_vse_obemy_i_tsveta_805101015,9 990 руб.,м. Волгоградский проспект
Легендарные Sony Xperia / Все модели / Оригинал,https://www.avito.ru/moskva/telefony/legendarnye_sony_xperia_vse_modeli_original_856827722,6 990 руб.,м. Волгоградский проспект
HTC 8S,https://www.avito.ru/moskva/telefony/htc_8s_833764598,1 700 руб.,м. Домодедовская
HTC Desire V 2 сим-карты,https://www.avito.ru/moskva/telefony/htc_desire_v_2_sim-karty_847599423,3 490 руб.,м. Улица 1905 года
Смартфон HTC Desire SV,https://www.avito.ru/moskva/telefony/smartfon_htc_desire_sv_870557894,4 000 руб.,м. Кунцевская
Htc innovation,https://www.avito.ru/moskva/telefony/htc_innovation_829165341,400 руб.,м. Юго-Западная
NEW Внешний аккумулятор Pineng PN-921 2500mAh,https://www.avito.ru/moskva/telefony/new_vneshniy_akkumulyator_pineng_pn-921_2500mah_834058787,590 руб.,м. Марьино
NEW Внешний аккумулятор Pineng PN-966 10000mAh,https://www.avito.ru/moskva/telefony/new_vneshniy_akkumulyator_pineng_pn-966_10000mah_834051768,1 590 руб.,м. Марьино
HTC P3300,https://www.avito.ru/moskva/telefony/htc_p3300_616204429,1 000 руб.,м. Ленинский проспект
HTC Touch Diamond P3700,https://www.avito.ru/moskva/telefony/htc_touch_diamond_p3700_616202738,2 200 руб.,м. Ленинский проспект
HTC desire 820g,https://www.avito.ru/moskva/telefony/htc_desire_820g_852866265,5 500 руб.,м. Новокосино
HTC one M7,https://www.avito.ru/moskva/telefony/htc_one_m7_870543361,10 000 руб.,м. Крылатское
Телефон HTC Legend A6363 продается,https://www.avito.ru/moskva/telefony/telefon_htc_legend_a6363_prodaetsya_870543173,800 руб.,м. Красногвардейская
Дисплей + тачскрин для HTC One mini (ааа+),https://www.avito.ru/moskva/telefony/displey_tachskrin_dlya_htc_one_mini_aaa_771099241,1 900 руб.,м. Улица 1905 года
Дисплей с тачскрином для HTC One (ааа+),https://www.avito.ru/moskva/telefony/displey_s_tachskrinom_dlya_htc_one_aaa_774474656,2 400 руб.,м. Улица 1905 года
HTC desire 616 dual SIM,https://www.avito.ru/moskva/telefony/htc_desire_616_dual_sim_865927014,3 500 руб.,м. Пражская
Дисплей с тачскрином для HTC One M8 (ааа+),https://www.avito.ru/moskva/telefony/displey_s_tachskrinom_dlya_htc_one_m8_aaa_835115777,3 300 руб.,м. Улица 1905 года
HTC 620,https://www.avito.ru/moskva/telefony/htc_620_850189419,5 000 руб.,м. Юго-Западная
Оригинальное сетевое зарядное устройство htc,https://www.avito.ru/moskva/telefony/originalnoe_setevoe_zaryadnoe_ustroystvo_htc_870530578,500 руб.,м. Фонвизинская
Телефон б/у,https://www.avito.ru/moskva/telefony/telefon_bu_852747737,2 300 руб.,м. Бабушкинская
Смартфон-коммуникатор HTC Touch HD T8282,https://www.avito.ru/moskva/telefony/smartfon-kommunikator_htc_touch_hd_t8282_488210826,3 430 руб.,м. Кантемировская
Продам htc one m8,https://www.avito.ru/moskva/telefony/prodam_htc_one_m8_870525191,12 000 руб.,м. Римская
Смартфон HTC Desire 700 (dual sim),https://www.avito.ru/moskva/telefony/smartfon_htc_desire_700_dual_sim_870524417,8 000 руб.,м. Кожуховская
Защитные пленки для экрана HTC One V,https://www.avito.ru/moskva/telefony/zaschitnye_plenki_dlya_ekrana_htc_one_v_806719393,400 руб.,м. Люблино
HTC titan X310e,https://www.avito.ru/moskva/telefony/htc_titan_x310e_850747670,2 200 руб.,м. Тульская
HTC One M9,https://www.avito.ru/moskva/telefony/htc_one_m9_668134139,400 руб.,м. Лермонтовский проспект
HTC Touch Diamond P3700,https://www.avito.ru/moskva/telefony/htc_touch_diamond_p3700_745557939,2 000 руб.,Компания
HTC,https://www.avito.ru/moskva/telefony/htc_870501147,2 000 руб.,м. Щелковская
HTC Desire 601,https://www.avito.ru/moskva/telefony/htc_desire_601_870499756,5 000 руб.,м. Щелковская
Кожаный чехол для HTC mini ONE / HTC M4 новый,https://www.avito.ru/moskva/telefony/kozhanyy_chehol_dlya_htc_mini_one_htc_m4_novyy_333566779,1 000 руб.,Компания
HTC Desire HD A9191,https://www.avito.ru/moskva/telefony/htc_desire_hd_a9191_870493385,1 500 руб.,м. Сходненская
Meizu m2 mini оригинал,https://www.avito.ru/moskva/telefony/meizu_m2_mini_original_870490853,5 500 руб.,м. Коньково
"Продам телефон HTC, можно на запчасти",https://www.avito.ru/moskva/telefony/prodam_telefon_htc_mozhno_na_zapchasti_870487349,500 руб.,м. Нагорная
PC n7,https://www.avito.ru/moskva/telefony/pc_n7_579140314,1 580 руб.,м. Красносельская
"Гарнитура Samsung, HTC",https://www.avito.ru/moskva/telefony/garnitura_samsung_htc_213264076,300 руб.,м. Багратионовская
HTC-M8,https://www.avito.ru/moskva/telefony/htc-m8_870473152,3 500 руб.,м. Алтуфьево
HTC ONE (M7) 32Gb продам,https://www.avito.ru/moskva/telefony/htc_one_m7_32gb_prodam_870472218,7 000 руб.,м. Выхино
HTC ONE 32GB 4G LTE,https://www.avito.ru/moskva/telefony/htc_one_32gb_4g_lte_852338359,5 000 руб.,м. Новокосино
Телефон,https://www.avito.ru/moskva/telefony/telefon_870471175,2 500 руб.,м. Орехово
Htc e9+ dual,https://www.avito.ru/moskva/telefony/htc_e9_dual_870470363,17 490 руб.,м. Савеловская
Автомобильный держатель марки HTC,https://www.avito.ru/moskva/telefony/avtomobilnyy_derzhatel_marki_htc_510274283,250 руб.,м. Автозаводская
Телефон HTC,https://www.avito.ru/moskva/telefony/telefon_htc_870469456,2 000 руб.,м. Крылатское
Продаю htc на запчасти,https://www.avito.ru/moskva/telefony/prodayu_htc_na_zapchasti_870463249,1 500 руб.,м. Новокосино
20000 mah Внешний аккумулятор Power Bank,https://www.avito.ru/moskva/telefony/20000_mah_vneshniy_akkumulyator_power_bank_578966327,1 290 руб.,м. Пражская
Внешний аккумулятор pineng Power Bank 20000 Золото,https://www.avito.ru/moskva/telefony/vneshniy_akkumulyator_pineng_power_bank_20000_zoloto_641371597,1 490 руб.,м. Пражская
Оригинальный внешний аккумулятор wopow PD-608,https://www.avito.ru/moskva/telefony/originalnyy_vneshniy_akkumulyator_wopow_pd-608_655592846,3 290 руб.,м. Пражская
Алюминиевый бампер HTC One M7,https://www.avito.ru/moskva/telefony/alyuminievyy_bamper_htc_one_m7_816025057,400 руб.,м. Водный стадион
HTC one mini 2,https://www.avito.ru/moskva/telefony/htc_one_mini_2_870450712,4 900 руб.,м. Римская
Аккамулятор Pover Bank Xiaomi. Все цвета. Доставка,https://www.avito.ru/moskva/telefony/akkamulyator_pover_bank_xiaomi._vse_tsveta._dostavka_870450512,1 400 руб.,Компания
iPhone 6 Все объемы и цвета. Гарантия,https://www.avito.ru/moskva/telefony/iphone_6_vse_obemy_i_tsveta._garantiya_805587569,17 990 руб.,м. Волгоградский проспект
Samsung Galaxy Все модели и цвета / Гарантия,https://www.avito.ru/moskva/telefony/samsung_galaxy_vse_modeli_i_tsveta_garantiya_805117141,6 990 руб.,м. Волгоградский проспект
"6S/6/5S/5/4S-все цвета, оптом и в розницу-магазин",https://www.avito.ru/moskva/telefony/6s65s54s-vse_tsveta_optom_i_v_roznitsu-magazin_678666846,5 300 руб.,м. Курская
3D очки VR BOX 2 Очки виртуальной реальности,https://www.avito.ru/moskva/telefony/3d_ochki_vr_box_2_ochki_virtualnoy_realnosti_869773519,1 190 руб.,м. Преображенская площадь
На детали HTS desire 310 dual SIM,https://www.avito.ru/moskva/telefony/na_detali_hts_desire_310_dual_sim_834888483,700 руб.,м. Алексеевская
Превосходный HTC one Dual sim Silver 32gb,https://www.avito.ru/moskva/telefony/prevoshodnyy_htc_one_dual_sim_silver_32gb_870449649,12 000 руб.,
Легендарные Sony Xperia / Все модели / Оригинал,https://www.avito.ru/moskva/telefony/legendarnye_sony_xperia_vse_modeli_original_856827722,6 990 руб.,м. Волгоградский проспект
VR BOX 2 - 3D очки виртуальной реальности + пульт,https://www.avito.ru/moskva/telefony/vr_box_2_-_3d_ochki_virtualnoy_realnosti_pult_870444007,1 200 руб.,м. Первомайская
Новый чехол для телефон HTC Desire Х,https://www.avito.ru/moskva/telefony/novyy_chehol_dlya_telefon_htc_desire_h_753188898,150 руб.,м. Сходненская
HTC one 8 dual 16 gb,https://www.avito.ru/moskva/telefony/htc_one_8_dual_16_gb_870436705,9 000 руб.,м. Бауманская
Samsung galaxy a3 lte обмен,https://www.avito.ru/moskva/telefony/samsung_galaxy_a3_lte_obmen_870433359,8 000 руб.,м. Выхино
Авто держатель для HTC Touch Diamond P3700,https://www.avito.ru/moskva/telefony/avto_derzhatel_dlya_htc_touch_diamond_p3700_375587419,400 руб.,м. Медведково
HTC Sensation на запчасти или под восстановление,https://www.avito.ru/moskva/telefony/htc_sensation_na_zapchasti_ili_pod_vosstanovlenie_662331082,800 руб.,м. Медведково
HTC touch 3 аккумулятора 1800 mAh,https://www.avito.ru/moskva/telefony/htc_touch_3_akkumulyatora_1800_mah_461410154,200 руб.,м. Новослободская
Чехол-книжка для Htc one X салатовая,https://www.avito.ru/moskva/telefony/chehol-knizhka_dlya_htc_one_x_salatovaya_870419657,110 руб.,м. Савеловская
Чехол-книжка для HTC. one X белая,https://www.avito.ru/moskva/telefony/chehol-knizhka_dlya_htc._one_x_belaya_870418539,110 руб.,м. Савеловская
HTC ONE DUAl SIM,https://www.avito.ru/moskva/telefony/htc_one_dual_sim_743413495,6 900 руб.,м. Новогиреево
Держатель для телефона в машину универсальный,https://www.avito.ru/moskva/telefony/derzhatel_dlya_telefona_v_mashinu_universalnyy_784823656,750 руб.,м. Беляево
"Держатель зажим авто универсальный телефон, смартф",https://www.avito.ru/moskva/telefony/derzhatel_zazhim_avto_universalnyy_telefon_smartf_784824328,500 руб.,м. Беляево
Держатель в авто для телефона универсальный,https://www.avito.ru/moskva/telefony/derzhatel_v_avto_dlya_telefona_universalnyy_784824957,,м. Беляево
Спортивный чехол на руку для iPhone/Samsung и т. д,https://www.avito.ru/moskva/telefony/sportivnyy_chehol_na_ruku_dlya_iphonesamsung_i_t._d_609058295,450 руб.,м. Кутузовская
HTC 630 dual sim,https://www.avito.ru/moskva/telefony/htc_630_dual_sim_870392632,150 руб.,м. Юго-Западная
Телефон HTC one s,https://www.avito.ru/moskva/telefony/telefon_htc_one_s_870384788,2 000 руб.,м. Полежаевская
Зарядное устройство для Nokia,https://www.avito.ru/moskva/telefony/zaryadnoe_ustroystvo_dlya_nokia_818795668,100 руб.,м. Речной вокзал
Кронштейн в прикуриватель авто ewq для смартфонов,https://www.avito.ru/moskva/telefony/kronshteyn_v_prikurivatel_avto_ewq_dlya_smartfonov_836026480,1 310 руб.,м. Китай-город
HTC P3450 Touch + зарядка для а/м (mini USB),https://www.avito.ru/moskva/telefony/htc_p3450_touch_zaryadka_dlya_am_mini_usb_129068950,1 000 руб.,м. Кунцевская
Htc radar c110e,https://www.avito.ru/moskva/telefony/htc_radar_c110e_870381879,1 500 руб.,м. Юго-Западная
Закаленное защитное стекло для HTC one m9,https://www.avito.ru/moskva/telefony/zakalennoe_zaschitnoe_steklo_dlya_htc_one_m9_755705473,500 руб.,м. Белорусская
NFC метки Xperia smarttag,https://www.avito.ru/moskva/telefony/nfc_metki_xperia_smarttag_207468261,200 руб.,Компания
Флипкейс чехол на HTC Desire V,https://www.avito.ru/moskva/telefony/flipkeys_chehol_na_htc_desire_v_493176040,99 руб.,м. Кожуховская
Продам HTC M9+,https://www.avito.ru/moskva/telefony/prodam_htc_m9_870370581,5 500 руб.,м. Белорусская
Черный внешний аккумулятор Power Bank 2600mAh,https://www.avito.ru/moskva/telefony/chernyy_vneshniy_akkumulyator_power_bank_2600mah_537553140,399 руб.,м. Китай-город
Sony Xperia Z3 Dual 6633 Ростест,https://www.avito.ru/moskva/telefony/sony_xperia_z3_dual_6633_rostest_870368827,15 000 руб.,м. Первомайская
HTC Desire 616 dual sim,https://www.avito.ru/moskva/telefony/htc_desire_616_dual_sim_870366703,5 900 руб.,м. Черкизовская
"Чехол для HTC E8, M8 Dual SIM",https://www.avito.ru/moskva/telefony/chehol_dlya_htc_e8_m8_dual_sim_870362223,400 руб.,м. Беговая
HTC ONE E9plus,https://www.avito.ru/moskva/telefony/htc_one_e9plus_870361021,15 000 руб.,м. Калужская
Htc,https://www.avito.ru/moskva/telefony/htc_870355998,700 руб.,м. Планерная
HTC Legend (А6363),https://www.avito.ru/moskva/telefony/htc_legend_a6363_870353944,1 700 руб.,м. Черкизовская
Htc 620 G,https://www.avito.ru/moskva/telefony/htc_620_g_828497628,4 600 руб.,м. Свиблово
HTC Tattoo,https://www.avito.ru/moskva/telefony/htc_tattoo_758258623,800 руб.,м. Молодежная
Аккумулятор для HTC desire (BO47100),https://www.avito.ru/moskva/telefony/akkumulyator_dlya_htc_desire_bo47100_870340995,500 руб.,м. Бибирево
Дисплей с тачскрином HTC Butterfly S,https://www.avito.ru/moskva/telefony/displey_s_tachskrinom_htc_butterfly_s_870340350,3 500 руб.,м. Строгино
Автомобильное зу Belkin 2 USB + кабель micro-usb,https://www.avito.ru/moskva/telefony/avtomobilnoe_zu_belkin_2_usb_kabel_micro-usb_555651300,990 руб.,м. Китай-город
Желтый внешний аккумулятор Power Bank 2600mAh,https://www.avito.ru/moskva/telefony/zheltyy_vneshniy_akkumulyator_power_bank_2600mah_537554030,399 руб.,м. Китай-город
Зеленый внешний аккумулятор Power Bank 2600mAh,https://www.avito.ru/moskva/telefony/zelenyy_vneshniy_akkumulyator_power_bank_2600mah_537554477,399 руб.,м. Китай-город
Телефон HTC One M8,https://www.avito.ru/moskva/telefony/telefon_htc_one_m8_870331788,9 000 руб.,м. Алтуфьево
Вашему вниманию HTC One M8 16G,https://www.avito.ru/moskva/telefony/vashemu_vnimaniyu_htc_one_m8_16g_870331391,11 000 руб.,м. Фонвизинская
Power bank 10000mAh повербанк,https://www.avito.ru/moskva/telefony/power_bank_10000mah_poverbank_788983315,700 руб.,м. Краснопресненская
"Кабель, зарядка micro USB",https://www.avito.ru/moskva/telefony/kabel_zaryadka_micro_usb_870324539,150 руб.,м. Пионерская
Задняя крышка HTC X315E Оригинал,https://www.avito.ru/moskva/telefony/zadnyaya_kryshka_htc_x315e_original_746054465,950 руб.,м. Римская
